<?xml version="1.0" encoding="UTF-8"?>
<project-private xmlns="http://www.netbeans.org/ns/project-private/1">
    <editor-bookmarks xmlns="http://www.netbeans.org/ns/editor-bookmarks/2" lastBookmarkId="0"/>
    <open-files xmlns="http://www.netbeans.org/ns/projectui-open-files/2">
        <group>
            <file>file:/home/ronnie/NetBeansProjects/AirTurtle/src/airturtle/Persistencia.java</file>
            <file>file:/home/ronnie/NetBeansProjects/AirTurtle/src/airturtle/AirTurtle.java</file>
            <file>file:/home/ronnie/NetBeansProjects/AirTurtle/src/airturtle/Voo.java</file>
            <file>file:/home/ronnie/NetBeansProjects/AirTurtle/src/airturtle/Destino.java</file>
            <file>file:/home/ronnie/NetBeansProjects/AirTurtle/src/airturtle/Cliente.java</file>
            <file>file:/home/ronnie/NetBeansProjects/AirTurtle/src/airturtle/MainGUI.java</file>
            <file>file:/home/ronnie/NetBeansProjects/AirTurtle/src/airturtle/Pessoa.java</file>
            <file>file:/home/ronnie/NetBeansProjects/AirTurtle/src/airturtle/Endereco.java</file>
            <file>file:/home/ronnie/NetBeansProjects/AirTurtle/src/airturtle/Reserva.java</file>
            <file>file:/home/ronnie/NetBeansProjects/AirTurtle/src/airturtle/CiaAerea.java</file>
            <file>file:/home/ronnie/NetBeansProjects/AirTurtle/src/airturtle/Aeronave.java</file>
        </group>
    </open-files>
</project-private>
